{"__site_logo":{"url":"https:\/\/demo.athemeart.com\/pcr\/demo-1\/wp-content\/uploads\/2019\/03\/1.jpg","id":"2168","width":"144","height":"144","thumbnail":"https:\/\/demo.athemeart.com\/pcr\/demo-1\/wp-content\/uploads\/2019\/03\/1.jpg","alt":"","title":"1","description":"\t\t\t\t\t\t"},"__favicon":{"url":"","id":"","width":"","height":"","thumbnail":"","alt":"","title":"","description":""},"__sidebar_header_bg":{"url":"https:\/\/demo.athemeart.com\/pcr\/demo-1\/wp-content\/uploads\/2018\/06\/typing-849806_1280.jpg","id":"2102","width":"1280","height":"822","thumbnail":"https:\/\/demo.athemeart.com\/pcr\/demo-1\/wp-content\/uploads\/2018\/06\/typing-849806_1280-150x150.jpg","alt":"","title":"typing-849806_1280","description":"\r\n\t\t\t\t\t\t"},"__site_bg_bg":{"background-color":"","background-image":{"url":"","id":"","width":"","height":"","thumbnail":"","alt":"","title":"","description":""},"background-position":"","background-repeat":"","background-attachment":"","background-size":""},"__header_code":"","__footer_code":"","__page_loading":"1","__page_aos":"0","__site_title_n_tagline":"0","__sidebar_slimscroll":"1","__navbar_link_color":{"color":"#3a3939","hover":"#1ed373"},"__primary_menu_bg":{"color":"","hover":""},"__sub_link_color":{"color":"","hover":""},"__sub_menu_bg":{"color":"","hover":""},"__navbar_typography":{"font-family":"K2D","font-weight":"500","font-style":"","text-transform":"","font-size":"16","line-height":"","letter-spacing":"0","type":"google","unit":"px"},"social_profile":"","__site_nav_sidebar_bg":{"background-color":"","background-image":{"url":"","id":"","width":"","height":"","thumbnail":"","alt":"","title":"","description":""},"background-position":"","background-repeat":"","background-attachment":"","background-size":""},"__primary_color":"#777777","__secondary_color":"#1ed373","__tertiary_color":"#000","__quaternary_color":"#fff","__page_layout":"full-container","__custom_404_page":"","__custom_404_page_id":"","__404_hero_text":"<h1>Oops! That page can\u2019t be found.<\/h1>\r\n<p>It looks like nothing was found at this location. Maybe try one of the links below or a search ?<\/p>","__blog_layout":"full-container","__blog_template_layout":"standard","__blog_loop_desk":"col-md-6","__blog_loop_tab":"col-sm-6","__blog_loop_pho":"col-12","__blog_content":"excerpt","__blog_pagination":"numeric","__blog_meta":["author","date","category"],"__archive_heading":"h3","__readmore_text":"Read More","__single_layout":"full-container","__single_post_meta":["author","date","category","tag"],"__single_post_featured":"1","__posts_share":"1","__single_post_nav":"1","__single_post_author":"","__footer_bg":{"background-color":"","background-image":{"url":"","id":"","width":"","height":"","thumbnail":"","alt":"","title":"","description":""},"background-position":"","background-repeat":"","background-attachment":"","background-size":""},"__footer_link":{"color":"#000","hover":"#1ed373"},"__copyrights_text":"","social_wrap":[{"icon":"fab fa-facebook-f","link":"#","bg":""},{"icon":"fab fa-twitter","link":"#","bg":""}],"_cadires":"1"}