{"__site_logo":{"url":"https:\/\/demo.athemeart.com\/pcr\/demo-3\/wp-content\/uploads\/2022\/08\/3-1.jpg","id":"12483","width":"320","height":"320","thumbnail":"https:\/\/demo.athemeart.com\/pcr\/demo-3\/wp-content\/uploads\/2022\/08\/3-1-150x150.jpg","alt":"","title":"3-1","description":""},"__favicon":{"url":"","id":"","width":"","height":"","thumbnail":"","alt":"","title":"","description":""},"__sidebar_header_bg":{"url":"https:\/\/demo.athemeart.com\/pcr\/demo-3\/wp-content\/uploads\/2018\/02\/night-1927265_1280-2.jpg","id":"2012","width":"1280","height":"853","thumbnail":"https:\/\/demo.athemeart.com\/pcr\/demo-3\/wp-content\/uploads\/2018\/02\/night-1927265_1280-2-150x150.jpg","alt":"","title":"night-1927265_1280","description":""},"__site_bg_bg":{"background-color":"","background-image":{"url":"","id":"","width":"","height":"","thumbnail":"","alt":"","title":"","description":""},"background-position":"","background-repeat":"","background-attachment":"","background-size":""},"__header_code":"","__footer_code":"","__page_loading":"","__page_aos":"http:\/\/1","__site_title_n_tagline":"0","__sidebar_slimscroll":"0","__navbar_link_color":{"color":"#3a3939","hover":"#ffffff"},"__primary_menu_bg":{"color":"","hover":"#dd3333"},"__sub_link_color":{"color":"","hover":""},"__sub_menu_bg":{"color":"","hover":""},"__navbar_typography":{"font-family":"K2D","font-weight":"500","font-style":"","text-transform":"","font-size":"16","line-height":"","letter-spacing":"0","type":"google","unit":"px"},"social_profile":"","__site_nav_sidebar_bg":{"background-color":"","background-image":{"url":"","id":"","width":"","height":"","thumbnail":"","alt":"","title":"","description":""},"background-position":"","background-repeat":"","background-attachment":"","background-size":""},"__primary_color":"#777777","__secondary_color":"#dd3333","__tertiary_color":"#000","__quaternary_color":"#fff","__page_layout":"full-container","__custom_404_page":"","__custom_404_page_id":"","__404_hero_text":"<h1>Oops! That page can\u2019t be found.<\/h1>\r\n<p>It looks like nothing was found at this location. Maybe try one of the links below or a search ?<\/p>","__blog_layout":"full-container","__blog_template_layout":"standard","__blog_loop_desk":"col-md-6","__blog_loop_tab":"col-sm-6","__blog_loop_pho":"col-12","__blog_content":"excerpt","__blog_pagination":"numeric","__blog_meta":["author","date"],"__archive_heading":"h3","__readmore_text":"Read More","__single_layout":"full-container","__single_post_meta":["author","date","category","tag"],"__single_post_featured":"1","__posts_share":"1","__single_post_nav":"1","__single_post_author":"1","__footer_bg":{"background-color":"","background-image":{"url":"","id":"","width":"","height":"","thumbnail":"","alt":"","title":"","description":""},"background-position":"","background-repeat":"","background-attachment":"","background-size":""},"__footer_link":{"color":"#000","hover":"#1ed373"},"__copyrights_text":"Copyright \u00a9 2026 Personal CV Resume. All Right Reserved.","social_wrap":"","_cadires":"1","__pcr_by_text":"","__pcr_posted_on":"","__pcr_posted_in":"","__pcr_tags_text":"","__pcr_share_this":"","__pcr_previous_article":"","__pcr_next_article":"","__pcr_name_text":"","__pcr_email_text":"","__pcr_website_text":"","__pcr_save_text":"","__pcr_comment_text":"","__pcr_post_comment":""}