{"__site_logo":{"url":"https:\/\/demo.athemeart.com\/pcr\/demo-4\/wp-content\/uploads\/2017\/12\/team-member-01-1.jpg","id":"2000","width":"263","height":"263","thumbnail":"https:\/\/demo.athemeart.com\/pcr\/demo-4\/wp-content\/uploads\/2017\/12\/team-member-01-1-150x150.jpg","alt":"","title":"team-member-01","description":"\t\t\t\t\t\t"},"__favicon":{"url":"","id":"","width":"","height":"","thumbnail":"","alt":"","title":"","description":""},"__sidebar_header_bg":{"url":"https:\/\/demo.athemeart.com\/pcr\/demo-4\/wp-content\/uploads\/2019\/03\/2.jpg","id":"2165","width":"1001","height":"666","thumbnail":"https:\/\/demo.athemeart.com\/pcr\/demo-4\/wp-content\/uploads\/2019\/03\/2-150x150.jpg","alt":"","title":"2","description":"\r\n\t\t\t\t\t\t"},"__site_bg_bg":{"background-color":"","background-image":{"url":"","id":"","width":"","height":"","thumbnail":"","alt":"","title":"","description":""},"background-position":"","background-repeat":"","background-attachment":"","background-size":""},"__header_code":"","__footer_code":"","__page_loading":"","__page_aos":"http:\/\/1","__site_title_n_tagline":"0","__sidebar_slimscroll":"1","__navbar_link_color":{"color":"#3a3939","hover":"#ffffff"},"__primary_menu_bg":{"color":"","hover":"#1e73be"},"__sub_link_color":{"color":"","hover":""},"__sub_menu_bg":{"color":"","hover":""},"__navbar_typography":{"font-family":"K2D","font-weight":"500","font-style":"","text-transform":"","font-size":"16","line-height":"","letter-spacing":"0","type":"google","unit":"px"},"social_profile":"","__site_nav_sidebar_bg":{"background-color":"","background-image":{"url":"","id":"","width":"","height":"","thumbnail":"","alt":"","title":"","description":""},"background-position":"","background-repeat":"","background-attachment":"","background-size":""},"__primary_color":"#777777","__secondary_color":"#1e73be","__tertiary_color":"#000","__quaternary_color":"#fff","__page_layout":"full-container","__custom_404_page":"","__custom_404_page_id":"","__404_hero_text":"<h1>Oops! That page can\u2019t be found.<\/h1>\r\n<p>It looks like nothing was found at this location. Maybe try one of the links below or a search ?<\/p>","__blog_layout":"full-container","__blog_template_layout":"standard","__blog_loop_desk":"col-md-6","__blog_loop_tab":"col-sm-6","__blog_loop_pho":"col-12","__blog_content":"excerpt","__blog_pagination":"numeric","__blog_meta":["author","date","category"],"__archive_heading":"h3","__readmore_text":"\u0627\u0642\u0631\u0623 \u0623\u0643\u062b\u0631","__single_layout":"full-container","__single_post_meta":["author","date","category","tag"],"__single_post_featured":"1","__posts_share":"1","__single_post_nav":"1","__single_post_author":"","__footer_bg":{"background-color":"","background-image":{"url":"","id":"","width":"","height":"","thumbnail":"","alt":"","title":"","description":""},"background-position":"","background-repeat":"","background-attachment":"","background-size":""},"__footer_link":{"color":"#000","hover":"#1ed373"},"__copyrights_text":"Copyright \u00a9 2026 Personal CV Resume. All Right Reserved.","social_wrap":"","_cadires":"1","__pcr_by_text":"\u0628\u0648\u0627\u0633\u0637\u0629 -","__pcr_posted_on":"\u0646\u0634\u0631 \u0639\u0644\u0649","__pcr_posted_in":"\u0646\u0634\u0631 \u0641\u064a","__pcr_tags_text":"\u0627\u0644\u0639\u0644\u0627\u0645\u0627\u062a","__pcr_share_this":"\u0634\u0627\u0631\u0643 \u0647\u0630\u0627","__pcr_previous_article":"\u0627\u0644\u0645\u0642\u0627\u0644 \u0627\u0644\u0633\u0627\u0628\u0642","__pcr_next_article":"\u0627\u0644\u0645\u0627\u062f\u0629 \u0627\u0644\u062a\u0627\u0644\u064a\u0629","__pcr_name_text":"\u0627\u0633\u0645\u0643","__pcr_email_text":"\u0628\u0631\u064a\u062f\u0643 \u0627\u0644\u0627\u0644\u0643\u062a\u0631\u0648\u0646\u064a","__pcr_website_text":"\u0645\u0648\u0642\u0639 \u0627\u0644\u0643\u062a\u0631\u0648\u0646\u064a","__pcr_save_text":"\u0627\u062d\u0641\u0638 \u0627\u0633\u0645\u064a \u060c \u0628\u0631\u064a\u062f\u064a \u0627\u0644\u0625\u0644\u0643\u062a\u0631\u0648\u0646\u064a \u060c \u0648\u0627\u0644\u0645\u0648\u0642\u0639 \u0627\u0644\u0625\u0644\u0643\u062a\u0631\u0648\u0646\u064a \u0641\u064a \u0647\u0630\u0627 \u0627\u0644\u0645\u062a\u0635\u0641\u062d \u0644\u0627\u0633\u062a\u062e\u062f\u0627\u0645\u0647\u0627 \u0627\u0644\u0645\u0631\u0629 \u0627\u0644\u0645\u0642\u0628\u0644\u0629 \u0641\u064a \u062a\u0639\u0644\u064a\u0642\u064a.","__pcr_comment_text":"\u062a\u0639\u0644\u064a\u0642","__pcr_post_comment":"\u0623\u0636\u0641 \u062a\u0639\u0644\u064a\u0642\u0627"}